ID,com_model,cap_com,nei_sensing,lit_sensing,FoV,rVel,nVel,turn_prob,turn_prob_max,turn_prob_min,abandon_prob,picking_lit_dur,capacity,umin,umax,n_stddev,n_mean,A0,Ae,alpha,noise_mean,noise_std,queue_size,att_distance,att_threshold,correction_mtd,escape_dist,call_scale_mult,call_scale_div,lit_threshold,repel_scale_mult,repel_scale_div,log_rate,max_step_size,exp_dur,max_nest_travel,x
NA0.25-AtD12-M6-D1000,soundv2,0,15,0.25,6.2831853072,10,2.5,0.0025,1,0.0025,0.5,0,500,0,1,1.5707963268,3.1415926536,299.1795,48.1824,0.1039,0.0583,0.005,40,12,134.1734935665,none,1,6,1000,5,1,1,9.1818181818,0.025,10100,10100,x
NA0.167-AtD12-M6-D1000,soundv2,0,15,0.25,6.2831853072,10,1.6666666667,0.0025,1,0.0025,0.5,0,500,0,1,1.5707963268,3.1415926536,299.1795,48.1824,0.1039,0.0583,0.005,40,12,134.1734935665,none,1,6,1000,5,1,1,9.1818181818,0.025,10100,10100,x
NA0.125-AtD12-M6-D1000,soundv2,0,15,0.25,6.2831853072,10,1.25,0.0025,1,0.0025,0.5,0,500,0,1,1.5707963268,3.1415926536,299.1795,48.1824,0.1039,0.0583,0.005,40,12,134.1734935665,none,1,6,1000,5,1,1,9.1818181818,0.025,10100,10100,x
NA0.1-AtD12-M6-D1000,soundv2,0,15,0.25,6.2831853072,10,1,0.0025,1,0.0025,0.5,0,500,0,1,1.5707963268,3.1415926536,299.1795,48.1824,0.1039,0.0583,0.005,40,12,134.1734935665,none,1,6,1000,5,1,1,9.1818181818,0.025,10100,10100,x
NA0-AtD10-M10-D1000,soundv2,0,15,0.25,6.2831853072,10,0,0.0025,1,0.0025,0.5,0,500,0,1,1.5707963268,3.1415926536,299.1795,48.1824,0.1039,0.0583,0.005,40,10,154.0345943069,none,1,10,1000,5,1,1,1.0909090909,0.025,1200,701,x
NA0-AtD12-M10-D1000,soundv2,0,15,0.25,6.2831853072,10,0,0.0025,1,0.0025,0.5,0,500,0,1,1.5707963268,3.1415926536,299.1795,48.1824,0.1039,0.0583,0.005,40,12,134.1734935665,none,1,10,1000,5,1,1,1.0909090909,0.025,1200,701,x
NA0-AtD14-M10-D1000,soundv2,0,15,0.25,6.2831853072,10,0,0.0025,1,0.0025,0.5,0,500,0,1,1.5707963268,3.1415926536,299.1795,48.1824,0.1039,0.0583,0.005,40,14,118.0389412005,none,1,10,1000,5,1,1,1.0909090909,0.025,1200,701,x
NA0-AtD0-M1-D1,soundv2,0,15,0.25,6.2831853072,10,0,0.0025,1,0.0025,0.5,0,500,0,1,1.5707963268,3.1415926536,299.1795,48.1824,0.1039,0.0583,0.005,40,0,347.3619,none,1,1,1,5,1,1,9.1818181818,0.025,10100,10100,x
